date,region,max_temp_c,heat_warning
2025-10-01,CENTRAL AUSTRALIA,32.3,False
2025-10-01,BIG RIVERS,36.3,False
2025-10-01,BARKLY,35.7,False
2025-10-01,TOP END,37.2,True
2025-10-01,EAST ARNHEM,30.1,False
2025-10-01,"DARWIN, PALMERSTON, LITCHFIELD",37.2,True
2025-10-02,CENTRAL AUSTRALIA,30.7,False
2025-10-02,BIG RIVERS,38.0,False
2025-10-02,BARKLY,35.6,False
2025-10-02,TOP END,37.4,True
2025-10-02,EAST ARNHEM,28.0,False
2025-10-02,"DARWIN, PALMERSTON, LITCHFIELD",37.4,True
2025-10-03,CENTRAL AUSTRALIA,32.5,False
2025-10-03,BIG RIVERS,38.0,False
2025-10-03,BARKLY,33.2,False
2025-10-03,TOP END,35.5,True
2025-10-03,EAST ARNHEM,31.3,False
2025-10-03,"DARWIN, PALMERSTON, LITCHFIELD",35.5,True
2025-10-04,CENTRAL AUSTRALIA,30.9,False
2025-10-04,BIG RIVERS,42.0,True
2025-10-04,BARKLY,33.5,False
2025-10-04,TOP END,36.7,True
2025-10-04,EAST ARNHEM,30.7,False
2025-10-04,"DARWIN, PALMERSTON, LITCHFIELD",36.7,True
2025-10-05,CENTRAL AUSTRALIA,30.7,False
2025-10-05,BIG RIVERS,40.9,True
2025-10-05,BARKLY,34.1,False
2025-10-05,TOP END,35.3,True
2025-10-05,EAST ARNHEM,27.9,False
2025-10-05,"DARWIN, PALMERSTON, LITCHFIELD",35.3,True
2025-10-06,CENTRAL AUSTRALIA,29.3,False
2025-10-06,BIG RIVERS,40.4,True
2025-10-06,BARKLY,31.6,False
2025-10-06,TOP END,37.3,True
2025-10-06,EAST ARNHEM,29.6,False
2025-10-06,"DARWIN, PALMERSTON, LITCHFIELD",37.3,True
2025-10-07,CENTRAL AUSTRALIA,29.5,False
2025-10-07,BIG RIVERS,40.8,True
2025-10-07,BARKLY,34.4,False
2025-10-07,TOP END,35.9,True
2025-10-07,EAST ARNHEM,32.3,False
2025-10-07,"DARWIN, PALMERSTON, LITCHFIELD",35.9,True
2025-10-08,CENTRAL AUSTRALIA,28.8,False
2025-10-08,BIG RIVERS,43.1,True
2025-10-08,BARKLY,33.4,False
2025-10-08,TOP END,34.3,False
2025-10-08,EAST ARNHEM,32.0,False
2025-10-08,"DARWIN, PALMERSTON, LITCHFIELD",34.3,False
2025-10-09,CENTRAL AUSTRALIA,35.0,False
2025-10-09,BIG RIVERS,41.1,True
2025-10-09,BARKLY,35.3,False
2025-10-09,TOP END,35.0,False
2025-10-09,EAST ARNHEM,34.7,False
2025-10-09,"DARWIN, PALMERSTON, LITCHFIELD",35.0,False
2025-10-10,CENTRAL AUSTRALIA,35.3,False
2025-10-10,BIG RIVERS,40.3,True
2025-10-10,BARKLY,38.3,False
2025-10-10,TOP END,35.1,False
2025-10-10,EAST ARNHEM,31.6,False
2025-10-10,"DARWIN, PALMERSTON, LITCHFIELD",35.1,False
2025-10-11,CENTRAL AUSTRALIA,32.4,False
2025-10-11,BIG RIVERS,42.2,True
2025-10-11,BARKLY,37.6,False
2025-10-11,TOP END,35.6,True
2025-10-11,EAST ARNHEM,29.3,False
2025-10-11,"DARWIN, PALMERSTON, LITCHFIELD",35.6,True
2025-10-12,CENTRAL AUSTRALIA,30.8,False
2025-10-12,BIG RIVERS,39.9,False
2025-10-12,BARKLY,37.0,False
2025-10-12,TOP END,36.7,True
2025-10-12,EAST ARNHEM,29.9,False
2025-10-12,"DARWIN, PALMERSTON, LITCHFIELD",36.7,True
2025-10-13,CENTRAL AUSTRALIA,30.5,False
2025-10-13,BIG RIVERS,39.6,False
2025-10-13,BARKLY,37.7,False
2025-10-13,TOP END,38.4,True
2025-10-13,EAST ARNHEM,28.8,False
2025-10-13,"DARWIN, PALMERSTON, LITCHFIELD",38.4,True
2025-10-14,CENTRAL AUSTRALIA,28.0,False
2025-10-14,BIG RIVERS,38.7,False
2025-10-14,BARKLY,35.8,False
2025-10-14,TOP END,36.4,True
2025-10-14,EAST ARNHEM,32.3,False
2025-10-14,"DARWIN, PALMERSTON, LITCHFIELD",36.4,True
2025-10-15,CENTRAL AUSTRALIA,32.1,False
2025-10-15,BIG RIVERS,36.8,False
2025-10-15,BARKLY,38.6,False
2025-10-15,TOP END,37.9,True
2025-10-15,EAST ARNHEM,35.8,False
2025-10-15,"DARWIN, PALMERSTON, LITCHFIELD",37.9,True
2025-10-16,CENTRAL AUSTRALIA,32.7,False
2025-10-16,BIG RIVERS,38.7,False
2025-10-16,BARKLY,39.5,False
2025-10-16,TOP END,36.7,True
2025-10-16,EAST ARNHEM,31.2,False
2025-10-16,"DARWIN, PALMERSTON, LITCHFIELD",36.7,True
2025-10-17,CENTRAL AUSTRALIA,30.2,False
2025-10-17,BIG RIVERS,39.6,False
2025-10-17,BARKLY,38.1,False
2025-10-17,TOP END,34.1,False
2025-10-17,EAST ARNHEM,32.7,False
2025-10-17,"DARWIN, PALMERSTON, LITCHFIELD",34.1,False
2025-10-18,CENTRAL AUSTRALIA,31.6,False
2025-10-18,BIG RIVERS,42.9,False
2025-10-18,BARKLY,37.2,False
2025-10-18,TOP END,34.1,False
2025-10-18,EAST ARNHEM,34.6,False
2025-10-18,"DARWIN, PALMERSTON, LITCHFIELD",34.1,False
2025-10-19,CENTRAL AUSTRALIA,33.6,False
2025-10-19,BIG RIVERS,38.3,False
2025-10-19,BARKLY,37.7,False
2025-10-19,TOP END,35.4,False
2025-10-19,EAST ARNHEM,33.8,False
2025-10-19,"DARWIN, PALMERSTON, LITCHFIELD",35.4,False
2025-10-20,CENTRAL AUSTRALIA,32.5,False
2025-10-20,BIG RIVERS,36.9,False
2025-10-20,BARKLY,37.0,False
2025-10-20,TOP END,35.3,False
2025-10-20,EAST ARNHEM,34.4,False
2025-10-20,"DARWIN, PALMERSTON, LITCHFIELD",35.3,False
2025-10-21,CENTRAL AUSTRALIA,30.2,False
2025-10-21,BIG RIVERS,36.1,False
2025-10-21,BARKLY,33.4,False
2025-10-21,TOP END,32.8,False
2025-10-21,EAST ARNHEM,32.8,False
2025-10-21,"DARWIN, PALMERSTON, LITCHFIELD",32.8,False
2025-10-22,CENTRAL AUSTRALIA,29.8,False
2025-10-22,BIG RIVERS,38.3,False
2025-10-22,BARKLY,37.0,False
2025-10-22,TOP END,33.5,False
2025-10-22,EAST ARNHEM,33.9,False
2025-10-22,"DARWIN, PALMERSTON, LITCHFIELD",33.5,False
2025-10-23,CENTRAL AUSTRALIA,29.6,False
2025-10-23,BIG RIVERS,43.4,False
2025-10-23,BARKLY,37.7,False
2025-10-23,TOP END,33.0,False
2025-10-23,EAST ARNHEM,34.8,False
2025-10-23,"DARWIN, PALMERSTON, LITCHFIELD",33.0,False
2025-10-24,CENTRAL AUSTRALIA,28.5,False
2025-10-24,BIG RIVERS,39.5,False
2025-10-24,BARKLY,42.8,True
2025-10-24,TOP END,33.0,False
2025-10-24,EAST ARNHEM,32.2,False
2025-10-24,"DARWIN, PALMERSTON, LITCHFIELD",33.0,False
2025-10-25,CENTRAL AUSTRALIA,26.5,False
2025-10-25,BIG RIVERS,40.0,False
2025-10-25,BARKLY,41.8,True
2025-10-25,TOP END,31.8,False
2025-10-25,EAST ARNHEM,33.0,False
2025-10-25,"DARWIN, PALMERSTON, LITCHFIELD",31.8,False
2025-10-26,CENTRAL AUSTRALIA,28.3,False
2025-10-26,BIG RIVERS,38.9,False
2025-10-26,BARKLY,41.9,True
2025-10-26,TOP END,36.1,False
2025-10-26,EAST ARNHEM,38.5,False
2025-10-26,"DARWIN, PALMERSTON, LITCHFIELD",36.1,False
2025-10-27,CENTRAL AUSTRALIA,28.8,False
2025-10-27,BIG RIVERS,36.1,False
2025-10-27,BARKLY,40.5,True
2025-10-27,TOP END,33.0,False
2025-10-27,EAST ARNHEM,37.6,False
2025-10-27,"DARWIN, PALMERSTON, LITCHFIELD",33.0,False
2025-10-28,CENTRAL AUSTRALIA,26.9,False
2025-10-28,BIG RIVERS,37.4,False
2025-10-28,BARKLY,38.8,True
2025-10-28,TOP END,31.9,False
2025-10-28,EAST ARNHEM,33.6,False
2025-10-28,"DARWIN, PALMERSTON, LITCHFIELD",31.9,False
2025-10-29,CENTRAL AUSTRALIA,28.8,False
2025-10-29,BIG RIVERS,34.5,False
2025-10-29,BARKLY,35.6,False
2025-10-29,TOP END,30.7,False
2025-10-29,EAST ARNHEM,31.6,False
2025-10-29,"DARWIN, PALMERSTON, LITCHFIELD",30.7,False
2025-10-30,CENTRAL AUSTRALIA,28.0,False
2025-10-30,BIG RIVERS,36.2,False
2025-10-30,BARKLY,36.3,False
2025-10-30,TOP END,29.7,False
2025-10-30,EAST ARNHEM,30.7,False
2025-10-30,"DARWIN, PALMERSTON, LITCHFIELD",29.7,False
2025-10-31,CENTRAL AUSTRALIA,27.1,False
2025-10-31,BIG RIVERS,35.6,False
2025-10-31,BARKLY,34.8,False
2025-10-31,TOP END,29.4,False
2025-10-31,EAST ARNHEM,30.4,False
2025-10-31,"DARWIN, PALMERSTON, LITCHFIELD",29.4,False
2025-11-01,CENTRAL AUSTRALIA,32.4,False
2025-11-01,BIG RIVERS,36.2,False
2025-11-01,BARKLY,38.4,False
2025-11-01,TOP END,32.0,False
2025-11-01,EAST ARNHEM,31.8,False
2025-11-01,"DARWIN, PALMERSTON, LITCHFIELD",32.0,False
2025-11-02,CENTRAL AUSTRALIA,32.2,False
2025-11-02,BIG RIVERS,37.7,False
2025-11-02,BARKLY,37.2,False
2025-11-02,TOP END,36.0,False
2025-11-02,EAST ARNHEM,30.0,False
2025-11-02,"DARWIN, PALMERSTON, LITCHFIELD",36.0,False
2025-11-03,CENTRAL AUSTRALIA,33.2,False
2025-11-03,BIG RIVERS,35.4,False
2025-11-03,BARKLY,35.8,False
2025-11-03,TOP END,35.5,False
2025-11-03,EAST ARNHEM,31.0,False
2025-11-03,"DARWIN, PALMERSTON, LITCHFIELD",35.5,False
2025-11-04,CENTRAL AUSTRALIA,37.2,False
2025-11-04,BIG RIVERS,36.5,False
2025-11-04,BARKLY,38.4,False
2025-11-04,TOP END,31.6,False
2025-11-04,EAST ARNHEM,36.0,False
2025-11-04,"DARWIN, PALMERSTON, LITCHFIELD",31.6,False
2025-11-05,CENTRAL AUSTRALIA,33.9,False
2025-11-05,BIG RIVERS,35.4,False
2025-11-05,BARKLY,37.5,False
2025-11-05,TOP END,34.1,False
2025-11-05,EAST ARNHEM,34.1,False
2025-11-05,"DARWIN, PALMERSTON, LITCHFIELD",34.1,False
2025-11-06,CENTRAL AUSTRALIA,32.6,False
2025-11-06,BIG RIVERS,38.8,False
2025-11-06,BARKLY,36.4,False
2025-11-06,TOP END,36.0,True
2025-11-06,EAST ARNHEM,36.8,False
2025-11-06,"DARWIN, PALMERSTON, LITCHFIELD",36.0,True
2025-11-07,CENTRAL AUSTRALIA,36.8,True
2025-11-07,BIG RIVERS,39.1,False
2025-11-07,BARKLY,37.4,False
2025-11-07,TOP END,37.8,True
2025-11-07,EAST ARNHEM,33.6,False
2025-11-07,"DARWIN, PALMERSTON, LITCHFIELD",37.8,True
2025-11-08,CENTRAL AUSTRALIA,38.5,True
2025-11-08,BIG RIVERS,35.8,False
2025-11-08,BARKLY,33.5,False
2025-11-08,TOP END,37.4,True
2025-11-08,EAST ARNHEM,39.9,False
2025-11-08,"DARWIN, PALMERSTON, LITCHFIELD",37.4,True
2025-11-09,CENTRAL AUSTRALIA,37.1,True
2025-11-09,BIG RIVERS,36.1,False
2025-11-09,BARKLY,34.9,False
2025-11-09,TOP END,31.4,False
2025-11-09,EAST ARNHEM,33.7,False
2025-11-09,"DARWIN, PALMERSTON, LITCHFIELD",31.4,False
2025-11-10,CENTRAL AUSTRALIA,36.2,True
2025-11-10,BIG RIVERS,36.4,False
2025-11-10,BARKLY,38.3,False
2025-11-10,TOP END,36.1,False
2025-11-10,EAST ARNHEM,34.3,False
2025-11-10,"DARWIN, PALMERSTON, LITCHFIELD",36.1,False
2025-11-11,CENTRAL AUSTRALIA,38.0,True
2025-11-11,BIG RIVERS,37.9,False
2025-11-11,BARKLY,39.9,False
2025-11-11,TOP END,35.9,False
2025-11-11,EAST ARNHEM,32.6,False
2025-11-11,"DARWIN, PALMERSTON, LITCHFIELD",35.9,False
2025-11-12,CENTRAL AUSTRALIA,36.1,True
2025-11-12,BIG RIVERS,35.2,False
2025-11-12,BARKLY,38.5,False
2025-11-12,TOP END,34.6,False
2025-11-12,EAST ARNHEM,34.8,False
2025-11-12,"DARWIN, PALMERSTON, LITCHFIELD",34.6,False
2025-11-13,CENTRAL AUSTRALIA,36.3,True
2025-11-13,BIG RIVERS,37.8,False
2025-11-13,BARKLY,35.6,False
2025-11-13,TOP END,36.6,True
2025-11-13,EAST ARNHEM,32.2,False
2025-11-13,"DARWIN, PALMERSTON, LITCHFIELD",36.6,True
2025-11-14,CENTRAL AUSTRALIA,33.3,False
2025-11-14,BIG RIVERS,36.0,False
2025-11-14,BARKLY,36.1,False
2025-11-14,TOP END,37.1,True
2025-11-14,EAST ARNHEM,29.9,False
2025-11-14,"DARWIN, PALMERSTON, LITCHFIELD",37.1,True
2025-11-15,CENTRAL AUSTRALIA,32.1,False
2025-11-15,BIG RIVERS,36.6,False
2025-11-15,BARKLY,34.5,False
2025-11-15,TOP END,36.8,True
2025-11-15,EAST ARNHEM,27.8,False
2025-11-15,"DARWIN, PALMERSTON, LITCHFIELD",36.8,True
2025-11-16,CENTRAL AUSTRALIA,36.8,False
2025-11-16,BIG RIVERS,37.3,False
2025-11-16,BARKLY,36.1,False
2025-11-16,TOP END,35.0,False
2025-11-16,EAST ARNHEM,27.5,False
2025-11-16,"DARWIN, PALMERSTON, LITCHFIELD",35.0,False
2025-11-17,CENTRAL AUSTRALIA,33.5,False
2025-11-17,BIG RIVERS,38.2,False
2025-11-17,BARKLY,38.1,False
2025-11-17,TOP END,35.5,False
2025-11-17,EAST ARNHEM,30.9,False
2025-11-17,"DARWIN, PALMERSTON, LITCHFIELD",35.5,False
2025-11-18,CENTRAL AUSTRALIA,34.7,False
2025-11-18,BIG RIVERS,41.0,False
2025-11-18,BARKLY,35.8,False
2025-11-18,TOP END,34.1,False
2025-11-18,EAST ARNHEM,32.6,False
2025-11-18,"DARWIN, PALMERSTON, LITCHFIELD",34.1,False
2025-11-19,CENTRAL AUSTRALIA,32.8,False
2025-11-19,BIG RIVERS,38.5,False
2025-11-19,BARKLY,35.9,False
2025-11-19,TOP END,34.1,False
2025-11-19,EAST ARNHEM,32.2,False
2025-11-19,"DARWIN, PALMERSTON, LITCHFIELD",34.1,False
2025-11-20,CENTRAL AUSTRALIA,34.9,False
2025-11-20,BIG RIVERS,38.3,False
2025-11-20,BARKLY,37.5,False
2025-11-20,TOP END,32.7,False
2025-11-20,EAST ARNHEM,33.1,False
2025-11-20,"DARWIN, PALMERSTON, LITCHFIELD",32.7,False
2025-11-21,CENTRAL AUSTRALIA,33.5,False
2025-11-21,BIG RIVERS,38.8,False
2025-11-21,BARKLY,39.5,False
2025-11-21,TOP END,34.6,False
2025-11-21,EAST ARNHEM,30.1,False
2025-11-21,"DARWIN, PALMERSTON, LITCHFIELD",34.6,False
2025-11-22,CENTRAL AUSTRALIA,35.9,True
2025-11-22,BIG RIVERS,38.4,False
2025-11-22,BARKLY,38.4,False
2025-11-22,TOP END,31.8,False
2025-11-22,EAST ARNHEM,29.6,False
2025-11-22,"DARWIN, PALMERSTON, LITCHFIELD",31.8,False
2025-11-23,CENTRAL AUSTRALIA,38.7,True
2025-11-23,BIG RIVERS,41.8,False
2025-11-23,BARKLY,39.3,False
2025-11-23,TOP END,30.6,False
2025-11-23,EAST ARNHEM,29.8,False
2025-11-23,"DARWIN, PALMERSTON, LITCHFIELD",30.6,False
2025-11-24,CENTRAL AUSTRALIA,37.0,True
2025-11-24,BIG RIVERS,38.0,False
2025-11-24,BARKLY,41.1,False
2025-11-24,TOP END,32.0,False
2025-11-24,EAST ARNHEM,30.1,False
2025-11-24,"DARWIN, PALMERSTON, LITCHFIELD",32.0,False
2025-11-25,CENTRAL AUSTRALIA,31.4,False
2025-11-25,BIG RIVERS,37.6,False
2025-11-25,BARKLY,40.2,False
2025-11-25,TOP END,35.8,False
2025-11-25,EAST ARNHEM,30.3,False
2025-11-25,"DARWIN, PALMERSTON, LITCHFIELD",35.8,False
2025-11-26,CENTRAL AUSTRALIA,34.1,False
2025-11-26,BIG RIVERS,36.5,False
2025-11-26,BARKLY,37.5,False
2025-11-26,TOP END,36.4,False
2025-11-26,EAST ARNHEM,30.8,False
2025-11-26,"DARWIN, PALMERSTON, LITCHFIELD",36.4,False
2025-11-27,CENTRAL AUSTRALIA,37.5,False
2025-11-27,BIG RIVERS,37.6,False
2025-11-27,BARKLY,36.6,False
2025-11-27,TOP END,33.7,False
2025-11-27,EAST ARNHEM,30.6,False
2025-11-27,"DARWIN, PALMERSTON, LITCHFIELD",33.7,False
2025-11-28,CENTRAL AUSTRALIA,33.0,False
2025-11-28,BIG RIVERS,40.1,False
2025-11-28,BARKLY,39.5,False
2025-11-28,TOP END,30.5,False
2025-11-28,EAST ARNHEM,28.5,False
2025-11-28,"DARWIN, PALMERSTON, LITCHFIELD",30.5,False
2025-11-29,CENTRAL AUSTRALIA,31.0,False
2025-11-29,BIG RIVERS,38.3,False
2025-11-29,BARKLY,38.2,False
2025-11-29,TOP END,30.2,False
2025-11-29,EAST ARNHEM,32.1,False
2025-11-29,"DARWIN, PALMERSTON, LITCHFIELD",30.2,False
2025-11-30,CENTRAL AUSTRALIA,32.7,False
2025-11-30,BIG RIVERS,36.7,False
2025-11-30,BARKLY,34.2,False
2025-11-30,TOP END,27.0,False
2025-11-30,EAST ARNHEM,32.3,False
2025-11-30,"DARWIN, PALMERSTON, LITCHFIELD",27.0,False
2025-12-01,CENTRAL AUSTRALIA,32.3,False
2025-12-01,BIG RIVERS,34.9,False
2025-12-01,BARKLY,38.5,False
2025-12-01,TOP END,28.6,False
2025-12-01,EAST ARNHEM,28.1,False
2025-12-01,"DARWIN, PALMERSTON, LITCHFIELD",28.6,False
2025-12-02,CENTRAL AUSTRALIA,31.7,False
2025-12-02,BIG RIVERS,36.7,False
2025-12-02,BARKLY,34.7,False
2025-12-02,TOP END,27.7,False
2025-12-02,EAST ARNHEM,27.5,False
2025-12-02,"DARWIN, PALMERSTON, LITCHFIELD",27.7,False
2025-12-03,CENTRAL AUSTRALIA,31.8,False
2025-12-03,BIG RIVERS,36.0,False
2025-12-03,BARKLY,36.3,False
2025-12-03,TOP END,26.4,False
2025-12-03,EAST ARNHEM,28.8,False
2025-12-03,"DARWIN, PALMERSTON, LITCHFIELD",26.4,False
2025-12-04,CENTRAL AUSTRALIA,34.3,False
2025-12-04,BIG RIVERS,38.5,False
2025-12-04,BARKLY,38.0,False
2025-12-04,TOP END,29.3,False
2025-12-04,EAST ARNHEM,31.6,False
2025-12-04,"DARWIN, PALMERSTON, LITCHFIELD",29.3,False
2025-12-05,CENTRAL AUSTRALIA,35.7,False
2025-12-05,BIG RIVERS,36.2,False
2025-12-05,BARKLY,38.4,False
2025-12-05,TOP END,31.6,False
2025-12-05,EAST ARNHEM,29.1,False
2025-12-05,"DARWIN, PALMERSTON, LITCHFIELD",31.6,False
2025-12-06,CENTRAL AUSTRALIA,38.0,False
2025-12-06,BIG RIVERS,36.8,False
2025-12-06,BARKLY,38.6,False
2025-12-06,TOP END,33.5,False
2025-12-06,EAST ARNHEM,31.7,False
2025-12-06,"DARWIN, PALMERSTON, LITCHFIELD",33.5,False
2025-12-07,CENTRAL AUSTRALIA,35.0,False
2025-12-07,BIG RIVERS,34.2,False
2025-12-07,BARKLY,40.9,False
2025-12-07,TOP END,33.8,False
2025-12-07,EAST ARNHEM,30.8,False
2025-12-07,"DARWIN, PALMERSTON, LITCHFIELD",33.8,False
2025-12-08,CENTRAL AUSTRALIA,32.1,False
2025-12-08,BIG RIVERS,42.0,True
2025-12-08,BARKLY,38.8,False
2025-12-08,TOP END,31.0,False
2025-12-08,EAST ARNHEM,32.2,False
2025-12-08,"DARWIN, PALMERSTON, LITCHFIELD",31.0,False
2025-12-09,CENTRAL AUSTRALIA,33.1,False
2025-12-09,BIG RIVERS,43.0,True
2025-12-09,BARKLY,35.8,False
2025-12-09,TOP END,33.5,False
2025-12-09,EAST ARNHEM,30.2,False
2025-12-09,"DARWIN, PALMERSTON, LITCHFIELD",33.5,False
2025-12-10,CENTRAL AUSTRALIA,35.3,False
2025-12-10,BIG RIVERS,39.5,True
2025-12-10,BARKLY,37.4,False
2025-12-10,TOP END,31.8,False
2025-12-10,EAST ARNHEM,32.5,False
2025-12-10,"DARWIN, PALMERSTON, LITCHFIELD",31.8,False
2025-12-11,CENTRAL AUSTRALIA,34.7,False
2025-12-11,BIG RIVERS,41.1,True
2025-12-11,BARKLY,33.8,False
2025-12-11,TOP END,30.0,False
2025-12-11,EAST ARNHEM,29.5,False
2025-12-11,"DARWIN, PALMERSTON, LITCHFIELD",30.0,False
2025-12-12,CENTRAL AUSTRALIA,38.6,False
2025-12-12,BIG RIVERS,39.4,True
2025-12-12,BARKLY,36.6,False
2025-12-12,TOP END,29.5,False
2025-12-12,EAST ARNHEM,30.3,False
2025-12-12,"DARWIN, PALMERSTON, LITCHFIELD",29.5,False
2025-12-13,CENTRAL AUSTRALIA,34.4,False
2025-12-13,BIG RIVERS,41.3,True
2025-12-13,BARKLY,35.3,False
2025-12-13,TOP END,32.0,False
2025-12-13,EAST ARNHEM,32.3,False
2025-12-13,"DARWIN, PALMERSTON, LITCHFIELD",32.0,False
2025-12-14,CENTRAL AUSTRALIA,33.4,False
2025-12-14,BIG RIVERS,38.2,True
2025-12-14,BARKLY,37.4,False
2025-12-14,TOP END,32.2,False
2025-12-14,EAST ARNHEM,32.7,False
2025-12-14,"DARWIN, PALMERSTON, LITCHFIELD",32.2,False
2025-12-15,CENTRAL AUSTRALIA,35.7,False
2025-12-15,BIG RIVERS,34.1,False
2025-12-15,BARKLY,40.3,False
2025-12-15,TOP END,36.6,False
2025-12-15,EAST ARNHEM,31.9,False
2025-12-15,"DARWIN, PALMERSTON, LITCHFIELD",36.6,False
2025-12-16,CENTRAL AUSTRALIA,37.2,False
2025-12-16,BIG RIVERS,35.3,False
2025-12-16,BARKLY,35.3,False
2025-12-16,TOP END,35.9,False
2025-12-16,EAST ARNHEM,31.3,False
2025-12-16,"DARWIN, PALMERSTON, LITCHFIELD",35.9,False
2025-12-17,CENTRAL AUSTRALIA,37.4,False
2025-12-17,BIG RIVERS,34.0,False
2025-12-17,BARKLY,36.6,False
2025-12-17,TOP END,34.2,False
2025-12-17,EAST ARNHEM,32.8,False
2025-12-17,"DARWIN, PALMERSTON, LITCHFIELD",34.2,False
2025-12-18,CENTRAL AUSTRALIA,32.8,False
2025-12-18,BIG RIVERS,35.2,False
2025-12-18,BARKLY,33.6,False
2025-12-18,TOP END,32.6,False
2025-12-18,EAST ARNHEM,33.1,False
2025-12-18,"DARWIN, PALMERSTON, LITCHFIELD",32.6,False
2025-12-19,CENTRAL AUSTRALIA,33.6,False
2025-12-19,BIG RIVERS,36.2,False
2025-12-19,BARKLY,34.1,False
2025-12-19,TOP END,33.1,False
2025-12-19,EAST ARNHEM,31.5,False
2025-12-19,"DARWIN, PALMERSTON, LITCHFIELD",33.1,False
2025-12-20,CENTRAL AUSTRALIA,33.2,False
2025-12-20,BIG RIVERS,37.2,False
2025-12-20,BARKLY,35.7,False
2025-12-20,TOP END,31.2,False
2025-12-20,EAST ARNHEM,32.7,False
2025-12-20,"DARWIN, PALMERSTON, LITCHFIELD",31.2,False
2025-12-21,CENTRAL AUSTRALIA,34.0,False
2025-12-21,BIG RIVERS,34.9,False
2025-12-21,BARKLY,36.3,False
2025-12-21,TOP END,33.3,False
2025-12-21,EAST ARNHEM,33.7,False
2025-12-21,"DARWIN, PALMERSTON, LITCHFIELD",33.3,False
2025-12-22,CENTRAL AUSTRALIA,33.9,False
2025-12-22,BIG RIVERS,36.9,False
2025-12-22,BARKLY,37.8,False
2025-12-22,TOP END,39.5,False
2025-12-22,EAST ARNHEM,33.0,False
2025-12-22,"DARWIN, PALMERSTON, LITCHFIELD",39.5,False
2025-12-23,CENTRAL AUSTRALIA,34.3,False
2025-12-23,BIG RIVERS,39.1,False
2025-12-23,BARKLY,37.4,False
2025-12-23,TOP END,37.4,False
2025-12-23,EAST ARNHEM,30.0,False
2025-12-23,"DARWIN, PALMERSTON, LITCHFIELD",37.4,False
2025-12-24,CENTRAL AUSTRALIA,34.7,False
2025-12-24,BIG RIVERS,37.1,False
2025-12-24,BARKLY,36.4,False
2025-12-24,TOP END,34.7,False
2025-12-24,EAST ARNHEM,32.5,False
2025-12-24,"DARWIN, PALMERSTON, LITCHFIELD",34.7,False
2025-12-25,CENTRAL AUSTRALIA,37.2,False
2025-12-25,BIG RIVERS,33.5,False
2025-12-25,BARKLY,35.4,False
2025-12-25,TOP END,32.1,False
2025-12-25,EAST ARNHEM,31.2,False
2025-12-25,"DARWIN, PALMERSTON, LITCHFIELD",32.1,False
2025-12-26,CENTRAL AUSTRALIA,35.1,False
2025-12-26,BIG RIVERS,33.9,False
2025-12-26,BARKLY,34.8,False
2025-12-26,TOP END,34.5,False
2025-12-26,EAST ARNHEM,31.8,False
2025-12-26,"DARWIN, PALMERSTON, LITCHFIELD",34.5,False
2025-12-27,CENTRAL AUSTRALIA,35.8,False
2025-12-27,BIG RIVERS,32.5,False
2025-12-27,BARKLY,35.4,False
2025-12-27,TOP END,32.2,False
2025-12-27,EAST ARNHEM,35.8,True
2025-12-27,"DARWIN, PALMERSTON, LITCHFIELD",32.2,False
2025-12-28,CENTRAL AUSTRALIA,34.1,False
2025-12-28,BIG RIVERS,30.5,False
2025-12-28,BARKLY,33.6,False
2025-12-28,TOP END,31.5,False
2025-12-28,EAST ARNHEM,34.8,True
2025-12-28,"DARWIN, PALMERSTON, LITCHFIELD",31.5,False
2025-12-29,CENTRAL AUSTRALIA,35.0,False
2025-12-29,BIG RIVERS,31.1,False
2025-12-29,BARKLY,37.0,False
2025-12-29,TOP END,33.8,False
2025-12-29,EAST ARNHEM,37.5,True
2025-12-29,"DARWIN, PALMERSTON, LITCHFIELD",33.8,False
