community_id,region,is_remote,lat,lon,population_band,road_access,crew_base,km_to_base,logistics_factor,wet_season_closable
CENTRAL AUSTRALIA R-01,CENTRAL AUSTRALIA,True,-22.25389,131.79529,500-999,unsealed,Alice Springs,267.2,374.1,True
CENTRAL AUSTRALIA R-02,CENTRAL AUSTRALIA,True,-24.1307,134.3733,500-999,unsealed,Alice Springs,69.3,97.1,True
CENTRAL AUSTRALIA R-03,CENTRAL AUSTRALIA,True,-23.9427,132.7787,500-999,unsealed,Alice Springs,115.3,161.4,True
CENTRAL AUSTRALIA R-04,CENTRAL AUSTRALIA,True,-23.20306,131.9111,500-999,unsealed,Alice Springs,208.4,291.7,True
CENTRAL AUSTRALIA R-05,CENTRAL AUSTRALIA,True,-23.27591,129.38725,250-499,unsealed,Alice Springs,460.6,644.9,True
CENTRAL AUSTRALIA R-06,CENTRAL AUSTRALIA,True,-25.3523,131.0667,250-499,unsealed,Alice Springs,338.8,474.4,True
CENTRAL AUSTRALIA R-07,CENTRAL AUSTRALIA,True,-22.6505,130.5532,250-499,unsealed,Alice Springs,359.6,503.4,True
CENTRAL AUSTRALIA R-08,CENTRAL AUSTRALIA,True,-23.26605,131.27319,250-499,unsealed,Alice Springs,270.3,378.4,True
CENTRAL AUSTRALIA R-09,CENTRAL AUSTRALIA,True,-24.07361,132.27083,250-499,unsealed,Alice Springs,168.9,236.4,True
CENTRAL AUSTRALIA R-10,CENTRAL AUSTRALIA,True,-23.76632,133.93599,250-499,unsealed,Alice Springs,9.3,13.1,True
CENTRAL AUSTRALIA R-11,CENTRAL AUSTRALIA,True,-24.87611,129.07916,250-499,unsealed,Alice Springs,503.9,705.5,True
CENTRAL AUSTRALIA R-12,CENTRAL AUSTRALIA,True,-21.24446,132.6139,250-499,unsealed,Alice Springs,302.4,423.4,True
CENTRAL AUSTRALIA R-13,CENTRAL AUSTRALIA,True,-22.9843,134.9341,100-249,unsealed,Alice Springs,133.7,187.2,True
CENTRAL AUSTRALIA R-14,CENTRAL AUSTRALIA,True,-24.67389,134.07584,100-249,unsealed,Alice Springs,110.2,154.2,True
CENTRAL AUSTRALIA R-15,CENTRAL AUSTRALIA,True,-25.58144,134.57842,100-249,unsealed,Alice Springs,220.8,309.2,True
CENTRAL AUSTRALIA R-16,CENTRAL AUSTRALIA,True,-22.53297,132.75603,100-249,unsealed,Alice Springs,173.4,242.7,True
CENTRAL AUSTRALIA R-17,CENTRAL AUSTRALIA,True,-22.80257,134.45547,100-249,unsealed,Alice Springs,115.7,162.0,True
CENTRAL AUSTRALIA R-18,CENTRAL AUSTRALIA,True,-22.25835,132.20557,100-249,unsealed,Alice Springs,234.7,328.6,True
CENTRAL AUSTRALIA R-19,CENTRAL AUSTRALIA,True,-22.20878,133.43073,100-249,sealed,Alice Springs,172.0,172.0,False
CENTRAL AUSTRALIA R-20,CENTRAL AUSTRALIA,True,-25.13051,132.56999,100-249,unsealed,Alice Springs,207.2,290.1,True
CENTRAL AUSTRALIA R-21,CENTRAL AUSTRALIA,True,-24.1245,133.0863,100-249,unsealed,Alice Springs,93.6,131.0,True
CENTRAL AUSTRALIA R-22,CENTRAL AUSTRALIA,True,-23.44733,131.88129,under 100,sealed,Alice Springs,205.7,205.7,False
CENTRAL AUSTRALIA R-23,CENTRAL AUSTRALIA,True,-22.12379,133.26529,under 100,sealed,Alice Springs,186.2,186.2,False
CENTRAL AUSTRALIA R-24,CENTRAL AUSTRALIA,True,-21.7411,133.7311,under 100,unsealed,Alice Springs,218.3,305.6,True
CENTRAL AUSTRALIA R-25,CENTRAL AUSTRALIA,True,-22.78458,136.16829,under 100,unsealed,Alice Springs,254.9,356.9,True
CENTRAL AUSTRALIA R-26,CENTRAL AUSTRALIA,True,-23.79061,133.50327,not recorded,unsealed,Alice Springs,39.7,55.6,True
BIG RIVERS R-01,BIG RIVERS,True,-14.7317,134.7321,1000+,unsealed,Katherine,266.9,373.7,True
BIG RIVERS R-02,BIG RIVERS,True,-14.2791,135.7406,500-999,unsealed,Katherine,374.8,524.7,True
BIG RIVERS R-03,BIG RIVERS,True,-18.33583,130.63834,500-999,unsealed,Katherine,463.9,649.5,True
BIG RIVERS R-04,BIG RIVERS,True,-15.2216,134.0821,500-999,unsealed,Katherine,212.4,297.4,True
BIG RIVERS R-05,BIG RIVERS,True,-14.5548,133.1142,500-999,unsealed,Katherine,91.7,128.4,True
BIG RIVERS R-06,BIG RIVERS,True,-17.44675,130.83212,250-499,unsealed,Katherine,365.1,511.2,True
BIG RIVERS R-07,BIG RIVERS,True,-14.52362,132.86668,250-499,unsealed,Katherine,64.9,90.8,True
BIG RIVERS R-08,BIG RIVERS,True,-16.44841,130.88279,250-499,unsealed,Katherine,265.6,371.9,True
BIG RIVERS R-09,BIG RIVERS,True,-14.95306,133.3,250-499,sealed,Katherine,123.6,123.6,False
BIG RIVERS R-10,BIG RIVERS,True,-14.5502,132.1815,250-499,sealed,Katherine,13.1,13.1,False
BIG RIVERS R-11,BIG RIVERS,True,-17.40059,130.80491,100-249,unsealed,Katherine,361.7,506.4,True
BIG RIVERS R-12,BIG RIVERS,True,-16.75974,136.98057,100-249,unsealed,Katherine,565.5,791.7,True
BIG RIVERS R-13,BIG RIVERS,True,-13.66529,134.33335,100-249,unsealed,Katherine,240.1,336.1,True
BIG RIVERS R-14,BIG RIVERS,True,-16.81412,131.22037,100-249,unsealed,Katherine,284.0,397.7,True
BIG RIVERS R-15,BIG RIVERS,True,-14.71011,134.56526,100-249,unsealed,Katherine,248.8,348.3,True
BIG RIVERS R-16,BIG RIVERS,True,-14.26649,132.82797,100-249,unsealed,Katherine,64.4,90.2,True
BIG RIVERS R-17,BIG RIVERS,True,-14.51935,132.18633,100-249,unsealed,Katherine,10.4,14.6,True
BIG RIVERS R-18,BIG RIVERS,True,-13.64418,134.30863,100-249,unsealed,Katherine,238.5,333.9,True
BIG RIVERS R-19,BIG RIVERS,True,-16.42806,129.6189,under 100,unsealed,Katherine,357.9,501.1,True
BIG RIVERS R-20,BIG RIVERS,True,-15.76492,130.03936,under 100,sealed,Katherine,279.3,279.3,False
BIG RIVERS R-21,BIG RIVERS,True,-16.05477,136.34558,under 100,unsealed,Katherine,471.8,660.5,True
BIG RIVERS R-22,BIG RIVERS,True,-15.57495,134.09553,not recorded,unsealed,Katherine,231.9,324.6,True
BIG RIVERS R-23,BIG RIVERS,True,-13.86316,131.82196,not recorded,unsealed,Katherine,82.5,115.5,True
BARKLY R-01,BARKLY,True,-21.65664,135.22509,500-999,unsealed,Tennant Creek,248.0,347.2,True
BARKLY R-02,BARKLY,True,-21.00333,134.40694,250-499,unsealed,Tennant Creek,152.4,213.4,True
BARKLY R-03,BARKLY,True,-20.98417,137.84749,250-499,unsealed,Tennant Creek,409.3,573.0,True
BARKLY R-04,BARKLY,True,-20.64508,135.58678,100-249,unsealed,Tennant Creek,183.2,256.4,True
BARKLY R-05,BARKLY,True,-20.46156,135.25241,100-249,unsealed,Tennant Creek,143.2,200.4,True
BARKLY R-06,BARKLY,True,-22.01371,134.84618,under 100,unsealed,Tennant Creek,271.8,380.5,True
BARKLY R-07,BARKLY,True,-21.04961,134.68117,under 100,unsealed,Tennant Creek,164.1,229.7,True
BARKLY R-08,BARKLY,True,-21.50658,133.99669,under 100,unsealed,Tennant Creek,207.7,290.7,True
BARKLY R-09,BARKLY,True,-17.37111,133.40305,under 100,unsealed,Tennant Creek,266.4,373.0,True
BARKLY R-10,BARKLY,True,-21.97997,135.11128,under 100,unsealed,Tennant Creek,276.4,387.0,True
BARKLY R-11,BARKLY,True,-19.34336,134.53799,not recorded,sealed,Tennant Creek,49.7,49.7,False
BARKLY R-12,BARKLY,True,-20.33702,134.19843,not recorded,unsealed,Tennant Creek,76.6,107.3,True
TOP END R-01,TOP END,True,-12.05085,134.22362,1000+,unsealed,Darwin,370.2,518.3,True
TOP END R-02,TOP END,True,-14.2404,129.5205,1000+,unsealed,Darwin,244.1,341.7,True
TOP END R-03,TOP END,True,-11.75831,130.63747,1000+,barge_or_air,Darwin,81.3,203.3,True
TOP END R-04,TOP END,True,-12.324,133.056,1000+,unsealed,Darwin,240.9,337.2,True
TOP END R-05,TOP END,True,-11.64896,133.38935,500-999,barge_or_air,Darwin,291.3,728.3,True
TOP END R-06,TOP END,True,-11.42167,130.67418,250-499,barge_or_air,Darwin,117.1,292.7,True
TOP END R-07,TOP END,True,-14.35111,129.87889,250-499,unsealed,Darwin,234.5,328.4,True
TOP END R-08,TOP END,True,-13.75054,130.68893,250-499,unsealed,Darwin,144.3,202.0,True
TOP END R-09,TOP END,True,-11.4059,130.4172,250-499,barge_or_air,Darwin,126.2,315.4,True
TOP END R-10,TOP END,True,-11.1507,132.5786,250-499,barge_or_air,Darwin,238.6,596.6,True
TOP END R-11,TOP END,True,-14.1503,130.0763,100-249,unsealed,Darwin,205.3,287.4,True
TOP END R-12,TOP END,True,-12.5386,130.6999,100-249,sealed,Darwin,17.7,17.7,False
TOP END R-13,TOP END,True,-12.54064,134.11001,100-249,unsealed,Darwin,354.8,496.8,True
TOP END R-14,TOP END,True,-13.85926,130.00115,under 100,unsealed,Darwin,180.1,252.2,True
TOP END R-15,TOP END,True,-11.61652,130.27763,under 100,unsealed,Darwin,112.3,157.2,True
TOP END R-16,TOP END,True,-12.19925,134.45751,not recorded,unsealed,Darwin,393.8,551.3,True
TOP END R-17,TOP END,True,-11.76361,130.89011,not recorded,unsealed,Darwin,77.8,108.9,True
EAST ARNHEM R-01,EAST ARNHEM,True,-12.0235,135.5664,1000+,barge_or_air,Nhulunbuy,132.8,332.0,True
EAST ARNHEM R-02,EAST ARNHEM,True,-12.1036,134.9201,1000+,barge_or_air,Nhulunbuy,202.0,505.0,True
EAST ARNHEM R-03,EAST ARNHEM,True,-13.98224,136.46057,1000+,barge_or_air,Nhulunbuy,202.5,506.3,True
EAST ARNHEM R-04,EAST ARNHEM,True,-12.32779,134.93001,500-999,unsealed,Nhulunbuy,201.2,281.7,True
EAST ARNHEM R-05,EAST ARNHEM,True,-12.50322,135.80587,500-999,unsealed,Nhulunbuy,111.1,155.6,True
EAST ARNHEM R-06,EAST ARNHEM,True,-12.25279,136.89168,500-999,sealed,Nhulunbuy,14.5,14.5,False
EAST ARNHEM R-07,EAST ARNHEM,True,-13.85974,136.81113,250-499,barge_or_air,Nhulunbuy,186.0,465.1,True
EAST ARNHEM R-08,EAST ARNHEM,True,-12.21542,136.70569,250-499,unsealed,Nhulunbuy,8.3,11.6,True
EAST ARNHEM R-09,EAST ARNHEM,True,-13.2004,136.2261,100-249,unsealed,Nhulunbuy,127.5,178.5,True
EAST ARNHEM R-10,EAST ARNHEM,True,-13.78389,136.19583,100-249,barge_or_air,Nhulunbuy,188.4,470.9,True
EAST ARNHEM R-11,EAST ARNHEM,True,-12.25318,135.43779,under 100,unsealed,Nhulunbuy,145.6,203.9,True
EAST ARNHEM R-12,EAST ARNHEM,True,-12.4125,136.3878,under 100,unsealed,Nhulunbuy,49.1,68.7,True
EAST ARNHEM R-13,EAST ARNHEM,True,-13.04605,135.94354,under 100,unsealed,Nhulunbuy,131.5,184.1,True
EAST ARNHEM R-14,EAST ARNHEM,True,-12.29835,134.99224,under 100,unsealed,Nhulunbuy,194.3,272.0,True
EAST ARNHEM R-15,EAST ARNHEM,True,-12.27446,134.92196,under 100,unsealed,Nhulunbuy,201.7,282.4,True
EAST ARNHEM R-16,EAST ARNHEM,True,-12.81703,136.47669,under 100,unsealed,Nhulunbuy,77.2,108.1,True
EAST ARNHEM R-17,EAST ARNHEM,True,-12.20292,136.29564,under 100,unsealed,Nhulunbuy,52.3,73.2,True
EAST ARNHEM R-18,EAST ARNHEM,True,-12.59224,136.23168,under 100,unsealed,Nhulunbuy,74.4,104.1,True
Darwin,"DARWIN, PALMERSTON, LITCHFIELD",False,-12.46153,130.84244,not recorded,sealed,Darwin,0.0,0.0,False
Katherine,BIG RIVERS,False,-14.46676,132.26677,not recorded,sealed,Katherine,0.0,0.0,False
Tennant Creek,BARKLY,False,-19.6478,134.1902,not recorded,sealed,Tennant Creek,0.0,0.0,False
Alice Springs,CENTRAL AUSTRALIA,False,-23.6994,133.8807,not recorded,sealed,Alice Springs,0.0,0.0,False
Nhulunbuy,EAST ARNHEM,False,-12.187,136.7763,not recorded,sealed,Nhulunbuy,0.0,0.0,False
