case_id,clause_id,outcome,correct_decision,required_reading,rationale
A-0142,elig-residency,met,request_information,p8;p23;p30;p51;p58,Eligibility §3.2 says 'Applicants must be an Australian citizen or have permanent residency status.'; citizenship and NT residence are evidenced on pp.12 and 16.
A-0142,elig-property,met,request_information,p8;p23;p30;p51;p58,Eligibility §3.1.1 says 'applicants and tenants who own or partly own residential property anywhere in Australia are ineligible for social housing.'; pp.6 and 19 show no property interest.
A-0142,elig-income,cannot_decide,request_information,p8;p23;p30;p51;p58,"Identification and Documentation §3.2 says 'The CEO (Housing) requires evidence of income and assets to determine eligibility for social housing, private rental bond assistance, and to calculate rent.'; pp.56–58 show income evidence requested but not received."
A-0142,elig-debts,met,request_information,p8;p23;p30;p51;p58,Eligibility §3.4 says 'The provision of social housing will not be withheld based on a debt owed to the CEO (Housing).'; p.8 is a January snapshot and p.23 shows the debt cleared.
A-0142,elig-former-tenancy,met,request_information,p8;p23;p30;p51;p58,Eligibility §3.5 refers to 'termination (under breach of tenancy agreement conditions or satisfactory tenancy criteria)'; p.30 records mutual agreement and no breach.
A-0142,prio-category,met,request_information,p8;p23;p30;p51;p58,Priority §3 lists 'Domestic or family violence.' as an urgent-need category; p.51 documents the family's flight from violence.
A-0142,prio-documentation,met,request_information,p8;p23;p30;p51;p58,Priority §3.1 says 'Applicants must prove their urgent need for priority housing and are required to provide documentation that supports their claim for priority.'; p.51 is the support-service evidence.
A-0142,prio-discretion,not_applicable,request_information,p8;p23;p30;p51;p58,"Priority §3.1 allows 'some discretion for extreme situations'; pp.6, 12, 16, 19, 23, 30 and 51 establish no requested exception, so this clause is not applicable."
E-01,elig-residency,met,decline,p1;p5;p7;p8,Eligibility §3.2 says 'Applicants must be an Australian citizen or have permanent residency status.'; p.3 confirms citizenship and Darwin residence.
E-01,elig-property,met,decline,p1;p5;p7;p8,Eligibility §3.1.1 says 'applicants and tenants who own or partly own residential property anywhere in Australia are ineligible for social housing.'; p.4 declares no such interest.
E-01,elig-income,met,decline,p1;p5;p7;p8,"Identification and Documentation §3.2 says 'The CEO (Housing) requires evidence of income and assets to determine eligibility for social housing, private rental bond assistance, and to calculate rent.'; p.9 records current evidence received."
E-01,elig-debts,met,decline,p1;p5;p7;p8,Eligibility §3.4 says 'The provision of social housing will not be withheld based on a debt owed to the CEO (Housing).'; p.8's debt does not cause the decline.
E-01,elig-former-tenancy,not_met,decline,p1;p5;p7;p8,Eligibility §3.5 says 'An application will not be accepted until the 2-year period has expired.'; pp.1 and 7 show a breach termination only seven months before application.
E-01,prio-category,met,decline,p1;p5;p7;p8,Priority §3 lists 'At risk of homelessness;' as urgent need; p.5 confirms that the temporary room is ending.
E-01,prio-documentation,met,decline,p1;p5;p7;p8,Priority §3.1 says 'Applicants must prove their urgent need for priority housing and are required to provide documentation that supports their claim for priority.'; p.5 supplies independent support.
E-01,prio-discretion,not_applicable,decline,p1;p5;p7;p8,"Priority §3.1 allows 'some discretion for extreme situations'; pp.5 and 7 show ordinary homelessness with a recent breach termination, without an extreme-situation request."
E-02,elig-residency,met,request_information,p2;p6;p9;p10,Eligibility §3.2 says 'Applicants must be an Australian citizen or have permanent residency status.'; p.3 records citizenship and Darwin residence.
E-02,elig-property,met,request_information,p2;p6;p9;p10,Eligibility §3.1.1 says 'applicants and tenants who own or partly own residential property anywhere in Australia are ineligible for social housing.'; p.4 declares no interest.
E-02,elig-income,met,request_information,p2;p6;p9;p10,"Identification and Documentation §3.2 says 'The CEO (Housing) requires evidence of income and assets to determine eligibility for social housing, private rental bond assistance, and to calculate rent.'; p.5 records the statement received."
E-02,elig-debts,met,request_information,p2;p6;p9;p10,Eligibility §3.4 says 'The provision of social housing will not be withheld based on a debt owed to the CEO (Housing).'; p.7 records no debt.
E-02,elig-former-tenancy,met,request_information,p2;p6;p9;p10,"Eligibility §3.5 refers to 'Former social housing tenants'; p.8 finds no former tenancy, so the exclusion does not arise."
E-02,prio-category,cannot_decide,request_information,p2;p6;p9;p10,"Priority §3 lists 'At risk of homelessness;' as urgent need; pp.2 and 9 contain only the applicant's unconfirmed claim, so the category remains undecided."
E-02,prio-documentation,cannot_decide,request_information,p2;p6;p9;p10,Priority §3.1 says 'Applicants must prove their urgent need for priority housing and are required to provide documentation that supports their claim for priority.'; pp.6 and 10 show the requested support is still absent.
E-02,prio-discretion,not_applicable,request_information,p2;p6;p9;p10,Priority §3.1 allows 'some discretion for extreme situations'; pp.2 and 9 provide no extreme-situation basis for a referral.
E-03,elig-residency,met,request_information,p4;p6;p7;p9;p12,Eligibility §3.2 says 'Applicants must be an Australian citizen or have permanent residency status.'; p.3 records citizenship and Darwin residence.
E-03,elig-property,cannot_decide,request_information,p4;p6;p7;p9;p12,"Eligibility §3.1.1 says 'If an applicant owns property but can also establish an exceptional need (severe medical or social issues) for social housing, the Delegate may use their discretion to exempt the property from the assessment of the applicant’s eligibility.'; pp.4, 6, 7 and 12 require an authorised decision before this can be resolved."
E-03,elig-income,met,request_information,p4;p6;p7;p9;p12,"Identification and Documentation §3.2 says 'The CEO (Housing) requires evidence of income and assets to determine eligibility for social housing, private rental bond assistance, and to calculate rent.'; p.5 records a current statement and no income-limit waiver."
E-03,elig-debts,met,request_information,p4;p6;p7;p9;p12,Eligibility §3.4 says 'The provision of social housing will not be withheld based on a debt owed to the CEO (Housing).'; p.10 records no debt.
E-03,elig-former-tenancy,met,request_information,p4;p6;p7;p9;p12,"Eligibility §3.5 refers to 'Former social housing tenants'; p.11 identifies none, so the exclusion does not arise."
E-03,prio-category,met,request_information,p4;p6;p7;p9;p12,Priority §3 lists 'Serious medical or social problems;' as urgent need; p.6 documents the applicant's new mobility needs.
E-03,prio-documentation,met,request_information,p4;p6;p7;p9;p12,Priority §3.1 says 'Applicants must prove their urgent need for priority housing and are required to provide documentation that supports their claim for priority.'; pp.6 and 7 supply medical and access evidence.
E-03,prio-discretion,met,request_information,p4;p6;p7;p9;p12,"Priority §3.1 allows 'some discretion for extreme situations'; pp.4, 6, 7 and 9 show a plausible extreme case, but p.12 shows no authorised decision yet."
H-01,elig-residency,met,request_information,p3;p5;p6;p12;p13;p14;p15;p17,"The Eligibility for Social Housing policy says, 'Applicants must be an Australian citizen or have permanent residency status.'; the passport and residence check on p4 supports the requirement."
H-01,elig-property,met,request_information,p3;p5;p6;p12;p13;p14;p15;p17,"The Eligibility for Social Housing policy says, 'Except in Remote Communities, Town Camps and CLAs, applicants and tenants who own or partly own residential property anywhere in Australia are ineligible for social housing.'; p3 declares no such property interest."
H-01,elig-income,cannot_decide,request_information,p3;p5;p6;p12;p13;p14;p15;p17,"The Identification and Documentation policy says, 'The CEO (Housing) requires evidence of income and assets to determine eligibility for social housing, private rental bond assistance, and to calculate rent.'; p3 and p17 promise current evidence, while p5 predates the employment end confirmed on p6."
H-01,elig-debts,not_applicable,request_information,p3;p5;p6;p12;p13;p14;p15;p17,"The Eligibility for Social Housing policy says, 'Recovery of debt owed to other social housing providers will be managed in line with the specific provider’s policies and may differ.'; the p14 balance is owed to Marigold Housing Cooperative, so this CEO (Housing) debt clause is not applicable."
H-01,elig-former-tenancy,met,request_information,p3;p5;p6;p12;p13;p14;p15;p17,"The Eligibility for Social Housing policy says, 'Former social housing tenants who have had their tenancy agreement terminated or have voluntarily vacated the premises leaving sufficient evidence to justify a termination (under breach of tenancy agreement conditions or satisfactory tenancy criteria), are ineligible to apply for social housing for a period of 2 years, which includes property under the management or ownership of the CEO (Housing).'; p12 records agreed surrender and p13 records no breach finding."
H-01,prio-category,met,request_information,p3;p5;p6;p12;p13;p14;p15;p17,"The Domestic and Family Violence policy says, 'CEO Housing acknowledges its role in supporting people who experience DFV, providing priority access to appropriate and safe housing as well as referral to support services.'; p15 documents Elena's reported violence and p8 confirms the approaching accommodation end."
H-01,prio-documentation,met,request_information,p3;p5;p6;p12;p13;p14;p15;p17,"The Priority housing policy says, 'Applicants must prove their urgent need for priority housing and are required to provide documentation that supports their claim for priority.'; p15 supplies a specialist service letter and p8 supplies the booking end date, while the Domestic and Family Violence policy says, 'It is not mandatory that supporting documentation be provided.' about DFV documentation."
H-01,prio-discretion,not_applicable,request_information,p3;p5;p6;p12;p13;p14;p15;p17,"The Priority housing policy says, 'Priority housing applicants must meet the eligibility criteria for social housing, although the CEO (Housing) has some discretion for extreme situations.'; p3 and p17 instead identify income evidence that has yet to be supplied, so no discretionary exception is currently requested or resolved."
