crews_per_remote_region,crews_town,jobs_per_crew_day,lam,median_wait_remote,median_wait_town,unfinished_remote,jobs_remote,unfinished_town,jobs_town,travel_km
1,2,3,1.0,10.0000,0.0000,198,555,10,356,67494
1,2,3,0.5,9.0000,0.0000,175,555,32,356,77052
1,2,3,0.0,7.0000,0.0000,129,555,55,356,86858
1,2,2,1.0,15.0000,0.0000,285,555,17,356,61139
1,2,2,0.5,13.0000,0.0000,244,555,43,356,77088
1,2,2,0.0,11.0000,1.0000,218,555,77,356,87802
1,2,4,1.0,8.0000,0.0000,160,555,7,356,67689
1,2,4,0.5,7.0000,0.0000,123,555,26,356,78825
1,2,4,0.0,6.0000,0.0000,91,555,46,356,86372
1,3,3,1.0,10.0000,0.0000,196,555,10,356,67838
1,3,3,0.5,9.0000,0.0000,165,555,32,356,77237
1,3,3,0.0,7.0000,0.0000,129,555,55,356,86638
2,2,3,1.0,1.0000,0.0000,30,555,2,356,132966
2,2,3,0.5,1.0000,0.0000,25,555,3,356,137915
2,2,3,0.0,1.0000,0.0000,21,555,14,356,144841
