run,week_start,reports_town,reports_remote,median_wait_town,median_wait_remote,gap
lam_1.0,2025-10-01,40,64,0.0000,11.0000,11.0000
lam_1.0,2025-10-08,36,57,0.0000,17.0000,17.0000
lam_1.0,2025-10-15,63,54,0.0000,21.5000,21.5000
lam_1.0,2025-10-22,43,57,0.0000,23.5000,23.5000
lam_1.0,2025-10-29,38,49,0.0000,24.0000,24.0000
lam_1.0,2025-11-05,35,66,0.0000,25.0000,25.0000
lam_1.0,2025-11-12,55,71,0.0000,20.0000,20.0000
lam_1.0,2025-11-19,35,56,1.0000,46.0000,45.0000
lam_1.0,2025-11-26,42,56,0.0000,40.0000,40.0000
lam_1.0,2025-12-03,54,59,1.0000,23.0000,22.0000
lam_1.0,2025-12-10,46,53,0.5000,22.0000,21.5000
lam_1.0,2025-12-17,29,59,0.0000,22.0000,22.0000
lam_1.0,2025-12-24,50,53,0.5000,15.5000,15.0000
lam_0.5,2025-10-01,40,64,0.0000,7.0000,7.0000
lam_0.5,2025-10-08,36,58,0.0000,12.0000,12.0000
lam_0.5,2025-10-15,62,56,0.0000,16.0000,16.0000
lam_0.5,2025-10-22,42,57,0.0000,14.5000,14.5000
lam_0.5,2025-10-29,36,49,0.0000,11.0000,11.0000
lam_0.5,2025-11-05,33,66,0.0000,16.0000,16.0000
lam_0.5,2025-11-12,55,69,0.0000,18.0000,18.0000
lam_0.5,2025-11-19,35,56,0.0000,20.0000,20.0000
lam_0.5,2025-11-26,42,54,0.0000,32.5000,32.5000
lam_0.5,2025-12-03,53,61,2.0000,15.0000,13.0000
lam_0.5,2025-12-10,46,53,1.0000,25.0000,24.0000
lam_0.5,2025-12-17,28,60,0.0000,21.0000,21.0000
lam_0.5,2025-12-24,50,53,0.5000,15.0000,14.5000
