lam,median_wait_remote,median_wait_town,gap,unfinished_remote,jobs_remote,unfinished_town,jobs_town,travel_km,travel_cost
1.0,17.0000,0.0000,17.0000,422,807,28,524,60246,41797.7000
0.9,16.0000,0.0000,16.0000,421,807,32,524,60688,42293.0000
0.8,15.0000,0.0000,15.0000,401,807,31,524,62750,45011.4000
0.7,15.0000,0.0000,15.0000,410,807,41,524,64878,46273.1000
0.6,14.0000,0.0000,14.0000,391,807,54,524,71220,50347.4000
0.5,13.0000,0.0000,13.0000,362,807,65,524,74922,54430.5000
0.4,13.0000,0.0000,13.0000,363,807,74,524,80398,57942.2000
0.3,12.0000,0.0000,12.0000,350,807,77,524,80384,60859.8000
0.2,12.0000,0.0000,12.0000,344,807,84,524,83568,63046.5000
0.1,11.0000,0.0000,11.0000,323,807,96,524,85477,66121.1000
0.0,11.0000,0.0000,11.0000,308,807,120,524,91660,71172.4000
