setting,name,repairs,driving_days,on_time_town,on_time_remote,town_median_wait,town_still_open,under_150_km_median_wait,under_150_km_still_open,150_to_300_km_median_wait,150_to_300_km_still_open,over_300_km_median_wait,over_300_km_still_open
0.0,Efficiency first,1074,233.5,0.7992,0.5100,3,0,7,9,10,34,18,199
0.1,Custom (0.10),1075,236,0.9710,0.5063,2,0,6,9,10,34,17,198
0.2,Custom (0.20),1087,238.5,0.9691,0.5050,3,0,7,14,11,37,16,178
0.3,Custom (0.30),1094,237,0.9633,0.5063,3,0,8,16,12,45,16,161
0.4,Custom (0.40),1094,240,0.9459,0.5201,3,3,7,16,12,38,15,165
0.5,Balanced,1084,245,0.8977,0.4925,3,17,8,25,13.5,48,15,142
0.6,Custom (0.60),1071,254,0.8166,0.4687,4,26,8,28,13,45,15,146
0.7,Custom (0.70),1057,264,0.7259,0.4699,4,40,10,26,13,37,15.5,156
0.8,Custom (0.80),1035,273.5,0.5888,0.4474,5,57,11.5,38,16.5,50,15,136
0.9,Custom (0.90),998,288,0.4363,0.4211,8,82,14,44,19,62,14,130
1.0,Most overdue first,923,319,0.3050,0.3647,9,97,18,68,20,72,15,156
