setting,name,repairs,repairs_remote,overdue_left,overdue_left_remote,driving_days,remote_trips
0.0,Efficiency first,88,45,130,130,16,15
0.1,Custom (0.10),90,47,120,120,17.5,11
0.2,Custom (0.20),89,46,120,120,18,11
0.3,Custom (0.30),87,46,115,115,19.5,12
0.4,Custom (0.40),81,52,110,110,21.5,13
0.5,Balanced,77,49,108,108,23.5,11
0.6,Custom (0.60),76,50,108,108,23.5,11
0.7,Custom (0.70),71,51,105,105,25.5,11
0.8,Custom (0.80),61,45,101,101,29,9
0.9,Custom (0.90),49,45,100,100,33,10
1.0,Most overdue first,49,48,98,98,33,10
